id,label,name,email,phone,city,comments,score,start_date,status
candidate_0,Candidate,Gabriella Lopez,alexander53@patel-cummings.com,+1-473-872-2876x7002,Leeview,,,,
email_0,Email,,alexander53@patel-cummings.com,,,,,,
company_1,Company,Rodriguez-Santana,,,,,,,
skill_react,Skill,React,,,,,,,
skill_java,Skill,Java,,,,,,,
skill_excel,Skill,Excel,,,,,,,
trait_analytical,PersonalityTrait,Analytical,,,,,,,
trait_detail-oriented,PersonalityTrait,Detail-Oriented,,,,,,,
task_write_code,Task,Write Code,,,,,,,
feedback_0,InterviewFeedback,,,,,Rate west plant a pay member.,4.0,,
placement_0,Placement,,,,,,,2020-10-02,Offered
candidate_1,Candidate,Steven Flynn,paynecynthia@gmail.com,470-856-5026x12531,Port Aprilside,,,,
email_1,Email,,paynecynthia@gmail.com,,,,,,
company_17,Company,"White, Wilkins and Mcintyre",,,,,,,
skill_aws,Skill,AWS,,,,,,,
skill_machine learning,Skill,Machine Learning,,,,,,,
skill_python,Skill,Python,,,,,,,
trait_team_player,PersonalityTrait,Team Player,,,,,,,
trait_organized,PersonalityTrait,Organized,,,,,,,
task_prepare_report,Task,Prepare Report,,,,,,,
feedback_1,InterviewFeedback,,,,,Certainly pretty trouble simply home.,5.0,,
placement_1,Placement,,,,,,,2021-01-27,Ongoing
candidate_2,Candidate,Gail Wilson,vreynolds@gibson.com,746.028.5888x258,New Jessicabury,,,,
email_2,Email,,vreynolds@gibson.com,,,,,,
company_7,Company,Smith Ltd,,,,,,,
skill_salesforce,Skill,Salesforce,,,,,,,
task_data_entry,Task,Data Entry,,,,,,,
feedback_2,InterviewFeedback,,,,,Future even media data focus huge voice.,4.0,,
placement_2,Placement,,,,,,,2020-09-06,Completed
candidate_3,Candidate,Kathy Chang,josephhall@stewart.net,(776)049-7563,New Cynthia,,,,
email_3,Email,,josephhall@stewart.net,,,,,,
company_0,Company,Adams Group,,,,,,,
skill_nursing,Skill,Nursing,,,,,,,
task_lead_project,Task,Lead Project,,,,,,,
feedback_3,InterviewFeedback,,,,,Participant manager receive business appear technology gun protect.,2.0,,
placement_3,Placement,,,,,,,2023-07-31,Completed
candidate_4,Candidate,Daniel Cole,patrickshaffer@bennett-baker.com,+1-651-414-8950,Williamsfurt,,,,
email_4,Email,,patrickshaffer@bennett-baker.com,,,,,,
trait_empathetic,PersonalityTrait,Empathetic,,,,,,,
feedback_4,InterviewFeedback,,,,,Blue of white foot positive.,3.0,,
placement_4,Placement,,,,,,,2022-04-06,Ongoing
candidate_5,Candidate,Kristine Cooper,matthew02@gmail.com,6727807825,Patriciabury,,,,
email_5,Email,,matthew02@gmail.com,,,,,,
company_16,Company,Brooks-Johnson,,,,,,,
skill_sql,Skill,SQL,,,,,,,
feedback_5,InterviewFeedback,,,,,Tell leg tonight thought similar eye oil wonder.,5.0,,
placement_5,Placement,,,,,,,2022-09-23,Ongoing
candidate_6,Candidate,Crystal Barron,gary65@yahoo.com,9072304828,West Vincent,,,,
email_6,Email,,gary65@yahoo.com,,,,,,
trait_leader,PersonalityTrait,Leader,,,,,,,
feedback_6,InterviewFeedback,,,,,Difference month billion party newspaper southern minute.,2.0,,
placement_6,Placement,,,,,,,2020-07-29,Offered
candidate_7,Candidate,Jenna Salinas,brownryan@hotmail.com,(852)723-3303x31600,Douglasside,,,,
email_7,Email,,brownryan@hotmail.com,,,,,,
company_2,Company,Gray PLC,,,,,,,
feedback_7,InterviewFeedback,,,,,Among walk room.,4.0,,
placement_7,Placement,,,,,,,2023-09-15,Completed
candidate_8,Candidate,Tammy Torres,jason05@gmail.com,363.866.8361x704,South Jessica,,,,
email_8,Email,,jason05@gmail.com,,,,,,
company_14,Company,"Hunt, Cohen and Little",,,,,,,
feedback_8,InterviewFeedback,,,,,Call least television necessary.,3.0,,
placement_8,Placement,,,,,,,2020-02-24,Completed
candidate_9,Candidate,Harry Cox,rodriguezmaria@gmail.com,001-513-626-2720,Port Laura,,,,
email_9,Email,,rodriguezmaria@gmail.com,,,,,,
company_11,Company,Mack LLC,,,,,,,
trait_creative,PersonalityTrait,Creative,,,,,,,
task_diagnose_patient,Task,Diagnose Patient,,,,,,,
feedback_9,InterviewFeedback,,,,,Allow chair leader view product arrive.,2.0,,
placement_9,Placement,,,,,,,2021-04-16,Offered
candidate_10,Candidate,Michael Taylor,scott33@glover.com,045-653-0081,East Keithberg,,,,
email_10,Email,,scott33@glover.com,,,,,,
company_15,Company,"Carlson, Bass and Meyer",,,,,,,
feedback_10,InterviewFeedback,,,,,Society size painting should teacher table enjoy.,1.0,,
placement_10,Placement,,,,,,,2023-07-31,Completed
candidate_11,Candidate,Kristen Wood,mmcdowell@bailey-vaughn.com,(804)162-9571x983,Reidland,,,,
email_11,Email,,mmcdowell@bailey-vaughn.com,,,,,,
feedback_11,InterviewFeedback,,,,,Day group sing exist three.,3.0,,
placement_11,Placement,,,,,,,2024-08-19,Ongoing
candidate_12,Candidate,Alexander Chandler,michaelgarcia@jacobs.com,(045)246-1948x818,West Justinport,,,,
email_12,Email,,michaelgarcia@jacobs.com,,,,,,
company_13,Company,"Cunningham, Yu and Smith",,,,,,,
skill_emr,Skill,EMR,,,,,,,
feedback_12,InterviewFeedback,,,,,Whatever accept stuff people usually kid.,1.0,,
placement_12,Placement,,,,,,,2023-04-21,Completed
candidate_13,Candidate,Stacey Howard,paulperry@moon.com,284-626-4101,Adamston,,,,
email_13,Email,,paulperry@moon.com,,,,,,
feedback_13,InterviewFeedback,,,,,Research themselves find natural product year program.,4.0,,
placement_13,Placement,,,,,,,2022-08-15,Completed
candidate_14,Candidate,Tyrone Simmons,hendersonmichelle@gmail.com,(083)179-3696,Charlesborough,,,,
email_14,Email,,hendersonmichelle@gmail.com,,,,,,
company_10,Company,Berry-Baker,,,,,,,
feedback_14,InterviewFeedback,,,,,Keep voice understand red.,4.0,,
placement_14,Placement,,,,,,,2021-10-08,Ongoing
candidate_15,Candidate,Brooke Schneider,monroelaura@gilbert-cook.com,+1-661-103-2294x5864,Robertburgh,,,,
email_15,Email,,monroelaura@gilbert-cook.com,,,,,,
task_conduct_interview,Task,Conduct Interview,,,,,,,
feedback_15,InterviewFeedback,,,,,More produce near yard understand three page.,3.0,,
placement_15,Placement,,,,,,,2021-03-23,Offered
candidate_16,Candidate,Linda Beck,plozano@lindsey.com,001-754-899-5320x50917,Karenburgh,,,,
email_16,Email,,plozano@lindsey.com,,,,,,
feedback_16,InterviewFeedback,,,,,With peace discuss himself.,3.0,,
placement_16,Placement,,,,,,,2021-02-25,Ongoing
candidate_17,Candidate,Michelle Gallagher,nicholeflynn@yahoo.com,596-457-2310x82502,Port Deborah,,,,
email_17,Email,,nicholeflynn@yahoo.com,,,,,,
feedback_17,InterviewFeedback,,,,,Season condition newspaper eat well consumer.,2.0,,
placement_17,Placement,,,,,,,2024-02-18,Offered
candidate_18,Candidate,Abigail Moore,bwalker@hotmail.com,650.661.5770x1055,Kimberlyside,,,,
email_18,Email,,bwalker@hotmail.com,,,,,,
company_12,Company,"Solis, Clark and Lynch",,,,,,,
feedback_18,InterviewFeedback,,,,,Live shoulder open game do continue president.,3.0,,
placement_18,Placement,,,,,,,2021-09-20,Ongoing
candidate_19,Candidate,Sara Patterson,sophia24@stephens-craig.com,018.280.9786,Padillaland,,,,
email_19,Email,,sophia24@stephens-craig.com,,,,,,
feedback_19,InterviewFeedback,,,,,Contain director recently say bring.,5.0,,
placement_19,Placement,,,,,,,2020-08-15,Offered
candidate_20,Candidate,Todd Garcia,schwartzmicheal@gmail.com,167-670-6014,Bennettmouth,,,,
email_20,Email,,schwartzmicheal@gmail.com,,,,,,
feedback_20,InterviewFeedback,,,,,Glass four control agree hot focus.,2.0,,
placement_20,Placement,,,,,,,2021-09-27,Offered
candidate_21,Candidate,Emily Mitchell,iward@gmail.com,+1-723-537-8342x377,Thomasmouth,,,,
email_21,Email,,iward@gmail.com,,,,,,
feedback_21,InterviewFeedback,,,,,Space especially rest fall prepare term work.,4.0,,
placement_21,Placement,,,,,,,2025-03-12,Completed
candidate_22,Candidate,Janet Elliott,kimmartin@tyler-wallace.org,934-283-6196x815,Bensonberg,,,,
email_22,Email,,kimmartin@tyler-wallace.org,,,,,,
feedback_22,InterviewFeedback,,,,,General onto cause whom.,3.0,,
placement_22,Placement,,,,,,,2022-08-03,Offered
candidate_23,Candidate,Christopher Adams,kennethchapman@christensen.com,+1-702-259-2501x305,North Gregg,,,,
email_23,Email,,kennethchapman@christensen.com,,,,,,
feedback_23,InterviewFeedback,,,,,Itself behind news anything price pressure increase.,2.0,,
placement_23,Placement,,,,,,,2021-04-28,Offered
candidate_24,Candidate,Eric Hayes,joann09@collins-reynolds.org,(923)347-8293,New Gary,,,,
email_24,Email,,joann09@collins-reynolds.org,,,,,,
company_4,Company,Rogers LLC,,,,,,,
feedback_24,InterviewFeedback,,,,,To budget few concern administration rest phone.,5.0,,
placement_24,Placement,,,,,,,2023-06-12,Ongoing
candidate_25,Candidate,Mark Hall,gibbsjohn@yahoo.com,329-330-1684x712,Morrisland,,,,
email_25,Email,,gibbsjohn@yahoo.com,,,,,,
feedback_25,InterviewFeedback,,,,,Name benefit late agency enter camera.,5.0,,
placement_25,Placement,,,,,,,2023-12-24,Offered
candidate_26,Candidate,Audrey Simpson,melissa35@hotmail.com,498-110-5577x622,East Deborah,,,,
email_26,Email,,melissa35@hotmail.com,,,,,,
feedback_26,InterviewFeedback,,,,,Deal laugh century sing nature say.,4.0,,
placement_26,Placement,,,,,,,2023-08-23,Ongoing
candidate_27,Candidate,Christopher Holder,bnichols@hotmail.com,+1-037-393-2957x9507,Shawnton,,,,
email_27,Email,,bnichols@hotmail.com,,,,,,
feedback_27,InterviewFeedback,,,,,Age card even man prove.,4.0,,
placement_27,Placement,,,,,,,2025-07-22,Completed
candidate_28,Candidate,Dana Martinez,dpayne@yahoo.com,001-645-213-7415,South Joshua,,,,
email_28,Email,,dpayne@yahoo.com,,,,,,
feedback_28,InterviewFeedback,,,,,Myself loss American dream less into bill.,4.0,,
placement_28,Placement,,,,,,,2024-03-15,Ongoing
candidate_29,Candidate,Scott Massey,staciewalker@hotmail.com,188-878-7435,Shafferborough,,,,
email_29,Email,,staciewalker@hotmail.com,,,,,,
feedback_29,InterviewFeedback,,,,,Performance step alone quality think phone federal.,1.0,,
placement_29,Placement,,,,,,,2024-01-01,Ongoing
candidate_30,Candidate,Joshua Myers,elijahdodson@hall.com,001-059-909-6512x346,South Brianna,,,,
email_30,Email,,elijahdodson@hall.com,,,,,,
feedback_30,InterviewFeedback,,,,,Dark form two on she.,3.0,,
placement_30,Placement,,,,,,,2022-03-01,Completed
candidate_31,Candidate,Karla Hicks,stephenwarren@hotmail.com,(260)567-3350,Lake Jeremy,,,,
email_31,Email,,stephenwarren@hotmail.com,,,,,,
feedback_31,InterviewFeedback,,,,,Camera easy carry old him security TV as.,5.0,,
placement_31,Placement,,,,,,,2025-05-21,Offered
candidate_32,Candidate,Michele Roach,brianjimenez@harris-myers.net,846-296-2535,East Katherinemouth,,,,
email_32,Email,,brianjimenez@harris-myers.net,,,,,,
company_8,Company,Garcia-Williams,,,,,,,
feedback_32,InterviewFeedback,,,,,Work resource adult adult various arm artist.,4.0,,
placement_32,Placement,,,,,,,2020-10-23,Offered
candidate_33,Candidate,Matthew Gilmore,karenramos@jones.info,822-779-9316x17151,South Breanna,,,,
email_33,Email,,karenramos@jones.info,,,,,,
feedback_33,InterviewFeedback,,,,,Start cause development clearly that.,3.0,,
placement_33,Placement,,,,,,,2022-04-05,Ongoing
candidate_34,Candidate,Elizabeth Allen,nathan51@palmer.com,418-863-5579,New Samuel,,,,
email_34,Email,,nathan51@palmer.com,,,,,,
feedback_34,InterviewFeedback,,,,,Available should student.,5.0,,
placement_34,Placement,,,,,,,2020-11-09,Completed
candidate_35,Candidate,Jeanette Mills,suzanneluna@anderson.org,(994)417-0148,West Robertmouth,,,,
email_35,Email,,suzanneluna@anderson.org,,,,,,
feedback_35,InterviewFeedback,,,,,But let case wrong perform Mr.,2.0,,
placement_35,Placement,,,,,,,2025-01-22,Ongoing
candidate_36,Candidate,Kim Hoffman,kchen@yahoo.com,(337)511-7376,Lake Paul,,,,
email_36,Email,,kchen@yahoo.com,,,,,,
feedback_36,InterviewFeedback,,,,,Movie tree relate exactly there option.,2.0,,
placement_36,Placement,,,,,,,2020-03-01,Completed
candidate_37,Candidate,Ashley Vega,imercado@mercer.com,(311)994-5256,Christianshire,,,,
email_37,Email,,imercado@mercer.com,,,,,,
feedback_37,InterviewFeedback,,,,,Thought hotel interesting.,2.0,,
placement_37,Placement,,,,,,,2025-05-14,Ongoing
candidate_38,Candidate,Scott Walker,stephenclark@hotmail.com,(842)524-1653,Tapiamouth,,,,
email_38,Email,,stephenclark@hotmail.com,,,,,,
feedback_38,InterviewFeedback,,,,,Account mean account respond.,3.0,,
placement_38,Placement,,,,,,,2023-09-22,Completed
candidate_39,Candidate,Robert Collins,tiffanystephenson@smith.com,269-137-2082x1228,North Natashabury,,,,
email_39,Email,,tiffanystephenson@smith.com,,,,,,
feedback_39,InterviewFeedback,,,,,Watch protect water sign money grow really.,1.0,,
placement_39,Placement,,,,,,,2024-02-21,Offered
candidate_40,Candidate,Ryan Spence,patriciareyes@hotmail.com,890-822-3427x06259,Muellerside,,,,
email_40,Email,,patriciareyes@hotmail.com,,,,,,
feedback_40,InterviewFeedback,,,,,Rest student sort show sort line foot.,2.0,,
placement_40,Placement,,,,,,,2020-08-23,Completed
candidate_41,Candidate,Jacqueline Bowen,vincent60@nicholson.info,336.198.9651x330,New Kimberly,,,,
email_41,Email,,vincent60@nicholson.info,,,,,,
feedback_41,InterviewFeedback,,,,,Understand cut election experience probably put once.,1.0,,
placement_41,Placement,,,,,,,2020-01-16,Ongoing
candidate_42,Candidate,David Wade,elizabeth69@carroll-huber.info,(221)615-3006x2913,Elizabethshire,,,,
email_42,Email,,elizabeth69@carroll-huber.info,,,,,,
feedback_42,InterviewFeedback,,,,,Number final collection local talk.,3.0,,
placement_42,Placement,,,,,,,2020-05-02,Completed
candidate_43,Candidate,Duane Johnson,howardchristopher@meadows-weaver.com,+1-897-802-4458,Nelsonburgh,,,,
email_43,Email,,howardchristopher@meadows-weaver.com,,,,,,
company_9,Company,"Thomas, Tyler and Smith",,,,,,,
feedback_43,InterviewFeedback,,,,,Couple society various learn improve affect two.,3.0,,
placement_43,Placement,,,,,,,2023-07-14,Completed
candidate_44,Candidate,Amy Morgan,timothyjacobson@benson-watson.net,(901)925-4385x374,Port Ruth,,,,
email_44,Email,,timothyjacobson@benson-watson.net,,,,,,
feedback_44,InterviewFeedback,,,,,Shake girl save recognize serious major argue.,4.0,,
placement_44,Placement,,,,,,,2025-03-29,Offered
candidate_45,Candidate,Stephanie Spencer,sjones@gmail.com,275-251-3516,Lake Desireeton,,,,
email_45,Email,,sjones@gmail.com,,,,,,
company_6,Company,Johns Group,,,,,,,
feedback_45,InterviewFeedback,,,,,Whatever company travel draw yard mission.,2.0,,
placement_45,Placement,,,,,,,2021-07-11,Ongoing
candidate_46,Candidate,Michael Holder,sanchezbarry@nicholson.com,(502)638-1491,North Andrealand,,,,
email_46,Email,,sanchezbarry@nicholson.com,,,,,,
company_3,Company,Peterson-Williams,,,,,,,
feedback_46,InterviewFeedback,,,,,Child think remember standard improve approach.,5.0,,
placement_46,Placement,,,,,,,2021-12-10,Completed
candidate_47,Candidate,Christopher Heath,zacharyhuffman@andrade.com,(787)741-2673x1965,South Mark,,,,
email_47,Email,,zacharyhuffman@andrade.com,,,,,,
feedback_47,InterviewFeedback,,,,,Government policy send stay.,1.0,,
placement_47,Placement,,,,,,,2023-04-01,Completed
candidate_48,Candidate,Julie Nelson,jennifer91@hotmail.com,026-667-8445x87397,Donnaland,,,,
email_48,Email,,jennifer91@hotmail.com,,,,,,
feedback_48,InterviewFeedback,,,,,Fire dark away deep need.,4.0,,
placement_48,Placement,,,,,,,2024-11-21,Completed
candidate_49,Candidate,Wendy Mcfarland,woodsjack@yahoo.com,0704168252,Cynthiaberg,,,,
email_49,Email,,woodsjack@yahoo.com,,,,,,
feedback_49,InterviewFeedback,,,,,Section charge note growth.,1.0,,
placement_49,Placement,,,,,,,2022-10-24,Ongoing
candidate_50,Candidate,Cheryl Mendez,regina81@yahoo.com,264-901-1397x032,Curtisland,,,,
email_50,Email,,regina81@yahoo.com,,,,,,
feedback_50,InterviewFeedback,,,,,Into face activity range create garden.,4.0,,
placement_50,Placement,,,,,,,2024-10-07,Completed
candidate_51,Candidate,Jake Lane,eadams@gmail.com,(403)462-5562x22954,Port Robert,,,,
email_51,Email,,eadams@gmail.com,,,,,,
feedback_51,InterviewFeedback,,,,,Effort television myself pick trouble effort happen.,1.0,,
placement_51,Placement,,,,,,,2024-07-06,Ongoing
candidate_52,Candidate,Patrick Hayden,laurenbryant@day.com,372.138.8009,East Emily,,,,
email_52,Email,,laurenbryant@day.com,,,,,,
feedback_52,InterviewFeedback,,,,,Raise develop culture control along avoid.,2.0,,
placement_52,Placement,,,,,,,2025-06-03,Completed
candidate_53,Candidate,Robert Allen,xcalderon@salazar-brown.com,+1-849-874-0798x5605,Johnview,,,,
email_53,Email,,xcalderon@salazar-brown.com,,,,,,
feedback_53,InterviewFeedback,,,,,Happen call important again company test across.,1.0,,
placement_53,Placement,,,,,,,2025-07-15,Offered
candidate_54,Candidate,Jose Middleton,zwelch@dyer.info,+1-555-948-5858,Mirandafurt,,,,
email_54,Email,,zwelch@dyer.info,,,,,,
feedback_54,InterviewFeedback,,,,,Sell city performance save continue.,1.0,,
placement_54,Placement,,,,,,,2022-09-16,Offered
candidate_55,Candidate,Paula Bauer,evanskiara@gmail.com,928-450-7418x526,Port Benjaminchester,,,,
email_55,Email,,evanskiara@gmail.com,,,,,,
feedback_55,InterviewFeedback,,,,,Month whole evening president.,4.0,,
placement_55,Placement,,,,,,,2024-11-16,Completed
candidate_56,Candidate,David Miller,marksthomas@yahoo.com,197.935.3514x9663,Elizabethville,,,,
email_56,Email,,marksthomas@yahoo.com,,,,,,
company_19,Company,Sharp Group,,,,,,,
feedback_56,InterviewFeedback,,,,,Maybe entire own wind exist fish.,5.0,,
placement_56,Placement,,,,,,,2021-02-18,Completed
candidate_57,Candidate,Mr. Eric Kerr,burnsdawn@hotmail.com,761.139.4561,South Kathleen,,,,
email_57,Email,,burnsdawn@hotmail.com,,,,,,
feedback_57,InterviewFeedback,,,,,Third section school world interview significant rest.,1.0,,
placement_57,Placement,,,,,,,2023-09-16,Offered
candidate_58,Candidate,Omar Castillo,jennifermay@stone-evans.com,898.479.1561x940,North Emmaville,,,,
email_58,Email,,jennifermay@stone-evans.com,,,,,,
feedback_58,InterviewFeedback,,,,,Each mother beyond part mean.,2.0,,
placement_58,Placement,,,,,,,2021-09-23,Completed
candidate_59,Candidate,Mackenzie Murray,buckleyscott@jones.com,001-520-413-5147x1139,Katherinefurt,,,,
email_59,Email,,buckleyscott@jones.com,,,,,,
feedback_59,InterviewFeedback,,,,,Partner wrong current bank boy down dinner.,2.0,,
placement_59,Placement,,,,,,,2020-08-21,Ongoing
candidate_60,Candidate,Scott Henderson,ryanwatson@hotmail.com,937-274-6550x65944,Frenchhaven,,,,
email_60,Email,,ryanwatson@hotmail.com,,,,,,
feedback_60,InterviewFeedback,,,,,Early teacher the catch.,2.0,,
placement_60,Placement,,,,,,,2022-02-10,Completed
candidate_61,Candidate,Glen Perez,tyler37@yahoo.com,914.919.3893x0923,Lake Robert,,,,
email_61,Email,,tyler37@yahoo.com,,,,,,
feedback_61,InterviewFeedback,,,,,Actually south Mrs rest force cause reveal.,1.0,,
placement_61,Placement,,,,,,,2024-08-19,Ongoing
candidate_62,Candidate,Michelle Gomez,gutierrezcrystal@yahoo.com,709.492.2411,Webbhaven,,,,
email_62,Email,,gutierrezcrystal@yahoo.com,,,,,,
feedback_62,InterviewFeedback,,,,,Same finish population none direction together listen.,5.0,,
placement_62,Placement,,,,,,,2020-02-12,Offered
candidate_63,Candidate,Alexandria Orr,bchavez@ramos.com,(885)636-2341,West Alyssaland,,,,
email_63,Email,,bchavez@ramos.com,,,,,,
feedback_63,InterviewFeedback,,,,,Simple tend parent run.,3.0,,
placement_63,Placement,,,,,,,2025-04-19,Ongoing
candidate_64,Candidate,Christopher Beck,ladams@cox.com,+1-250-634-2165x3923,Chandlerside,,,,
email_64,Email,,ladams@cox.com,,,,,,
feedback_64,InterviewFeedback,,,,,Rise show walk.,4.0,,
placement_64,Placement,,,,,,,2020-05-15,Ongoing
candidate_65,Candidate,Wayne Burns,erinprice@spencer.com,001-294-542-9430x71371,Lake Shelbyport,,,,
email_65,Email,,erinprice@spencer.com,,,,,,
company_5,Company,"Sanchez, Smith and Graham",,,,,,,
feedback_65,InterviewFeedback,,,,,Four court nice police southern make special.,1.0,,
placement_65,Placement,,,,,,,2020-03-13,Ongoing
candidate_66,Candidate,Marie Anderson,breannayoung@mcclain.net,+1-400-371-9402x4237,Castilloside,,,,
email_66,Email,,breannayoung@mcclain.net,,,,,,
feedback_66,InterviewFeedback,,,,,All recent since his.,3.0,,
placement_66,Placement,,,,,,,2020-05-18,Completed
candidate_67,Candidate,Michael Bond,omullins@carpenter.net,(694)511-9571,West Luis,,,,
email_67,Email,,omullins@carpenter.net,,,,,,
feedback_67,InterviewFeedback,,,,,Capital want some prove.,5.0,,
placement_67,Placement,,,,,,,2022-06-04,Offered
candidate_68,Candidate,Nancy Jordan,ramosjennifer@sanders.info,7031608413,East Jennifer,,,,
email_68,Email,,ramosjennifer@sanders.info,,,,,,
feedback_68,InterviewFeedback,,,,,Capital resource party impact card fly provide.,3.0,,
placement_68,Placement,,,,,,,2023-07-04,Ongoing
candidate_69,Candidate,Elizabeth Armstrong,thompsonjames@miller.info,+1-281-639-7386x0001,Vanessafort,,,,
email_69,Email,,thompsonjames@miller.info,,,,,,
feedback_69,InterviewFeedback,,,,,City site stuff his.,2.0,,
placement_69,Placement,,,,,,,2024-08-21,Completed
candidate_70,Candidate,Todd Moore,wdorsey@yahoo.com,001-901-888-8836x4426,Mistyton,,,,
email_70,Email,,wdorsey@yahoo.com,,,,,,
feedback_70,InterviewFeedback,,,,,Fine point fine society natural.,4.0,,
placement_70,Placement,,,,,,,2020-01-15,Offered
candidate_71,Candidate,Amanda Townsend,fletcheralice@miller-riley.net,255-043-7394,Smithmouth,,,,
email_71,Email,,fletcheralice@miller-riley.net,,,,,,
feedback_71,InterviewFeedback,,,,,Manager as cell big nothing choose push.,4.0,,
placement_71,Placement,,,,,,,2022-04-20,Completed
candidate_72,Candidate,Joseph Donovan,robert94@hotmail.com,(227)681-0466x7695,Floresfurt,,,,
email_72,Email,,robert94@hotmail.com,,,,,,
feedback_72,InterviewFeedback,,,,,Might strong crime artist.,5.0,,
placement_72,Placement,,,,,,,2022-09-19,Completed
candidate_73,Candidate,Thomas Morales,rhensley@yahoo.com,001-884-093-2922x9780,East Mariaport,,,,
email_73,Email,,rhensley@yahoo.com,,,,,,
feedback_73,InterviewFeedback,,,,,Human find add door staff may scientist.,4.0,,
placement_73,Placement,,,,,,,2023-11-06,Ongoing
candidate_74,Candidate,Ryan Norman,onelson@hotmail.com,053-708-5041,Taylorchester,,,,
email_74,Email,,onelson@hotmail.com,,,,,,
feedback_74,InterviewFeedback,,,,,Billion since should usually professor administration.,2.0,,
placement_74,Placement,,,,,,,2023-12-01,Offered
candidate_75,Candidate,Kevin Jones,elizabethrodriguez@cox.biz,361.175.1637,East Monica,,,,
email_75,Email,,elizabethrodriguez@cox.biz,,,,,,
company_18,Company,"Green, Rogers and Spencer",,,,,,,
feedback_75,InterviewFeedback,,,,,Choice between him simple.,4.0,,
placement_75,Placement,,,,,,,2024-09-26,Completed
candidate_76,Candidate,Shirley Stokes,sydney01@chen.com,484.840.2885,New Jason,,,,
email_76,Email,,sydney01@chen.com,,,,,,
feedback_76,InterviewFeedback,,,,,Also Mr raise assume reach oil.,5.0,,
placement_76,Placement,,,,,,,2022-02-18,Offered
candidate_77,Candidate,Samantha Lyons,wilsonjuan@miller.com,+1-000-714-4070x776,Smithborough,,,,
email_77,Email,,wilsonjuan@miller.com,,,,,,
feedback_77,InterviewFeedback,,,,,Study executive child five.,5.0,,
placement_77,Placement,,,,,,,2022-01-06,Ongoing
candidate_78,Candidate,Eric Thomas,bradleysmith@hotmail.com,990.816.0628,Brownville,,,,
email_78,Email,,bradleysmith@hotmail.com,,,,,,
feedback_78,InterviewFeedback,,,,,Seat again break administration dream.,3.0,,
placement_78,Placement,,,,,,,2023-06-01,Offered
candidate_79,Candidate,Felicia Owens,ahaynes@bennett-hopkins.org,+1-702-620-4719x449,North Erinville,,,,
email_79,Email,,ahaynes@bennett-hopkins.org,,,,,,
feedback_79,InterviewFeedback,,,,,Policy themselves follow couple magazine.,1.0,,
placement_79,Placement,,,,,,,2020-10-18,Offered
candidate_80,Candidate,Roger Sanchez DDS,ljackson@mercado.com,(969)971-3996x84705,Juarezburgh,,,,
email_80,Email,,ljackson@mercado.com,,,,,,
feedback_80,InterviewFeedback,,,,,Yeah tree change official lose.,5.0,,
placement_80,Placement,,,,,,,2022-07-02,Completed
candidate_81,Candidate,Scott Mitchell,andersenwendy@gmail.com,+1-134-256-4280,Jenniferport,,,,
email_81,Email,,andersenwendy@gmail.com,,,,,,
feedback_81,InterviewFeedback,,,,,Growth rich center apply when feeling let.,1.0,,
placement_81,Placement,,,,,,,2022-05-17,Ongoing
candidate_82,Candidate,Dr. Christopher Nunez PhD,lauraward@cooper-lopez.com,(651)339-3542x3181,East Patrick,,,,
email_82,Email,,lauraward@cooper-lopez.com,,,,,,
feedback_82,InterviewFeedback,,,,,Receive together require because since interest explain.,4.0,,
placement_82,Placement,,,,,,,2025-01-27,Offered
candidate_83,Candidate,Amanda Porter,jonathan98@gmail.com,412.739.7525x6452,Robertmouth,,,,
email_83,Email,,jonathan98@gmail.com,,,,,,
feedback_83,InterviewFeedback,,,,,Billion popular free Congress analysis.,1.0,,
placement_83,Placement,,,,,,,2023-06-16,Offered
candidate_84,Candidate,Meghan Vega,moorejeremy@hotmail.com,169-362-1062,West Natalie,,,,
email_84,Email,,moorejeremy@hotmail.com,,,,,,
feedback_84,InterviewFeedback,,,,,High better president ask.,2.0,,
placement_84,Placement,,,,,,,2023-07-22,Offered
candidate_85,Candidate,Kyle Roberts,thomasgomez@hotmail.com,8814009823,Ashleyside,,,,
email_85,Email,,thomasgomez@hotmail.com,,,,,,
feedback_85,InterviewFeedback,,,,,Pay lawyer nor often who red.,4.0,,
placement_85,Placement,,,,,,,2024-03-28,Offered
candidate_86,Candidate,Jonathan Baldwin,laurawallace@gmail.com,+1-077-503-9137,North Matthewstad,,,,
email_86,Email,,laurawallace@gmail.com,,,,,,
feedback_86,InterviewFeedback,,,,,Near recent detail partner edge deep only.,4.0,,
placement_86,Placement,,,,,,,2023-12-12,Completed
candidate_87,Candidate,Ann Lee,efitzgerald@hotmail.com,(954)324-6827x0598,Stevenschester,,,,
email_87,Email,,efitzgerald@hotmail.com,,,,,,
feedback_87,InterviewFeedback,,,,,Address investment trial.,4.0,,
placement_87,Placement,,,,,,,2022-02-04,Ongoing
candidate_88,Candidate,Brian Lara,levyjames@jones.com,578.618.3599,Port Allenburgh,,,,
email_88,Email,,levyjames@jones.com,,,,,,
feedback_88,InterviewFeedback,,,,,Defense next perhaps glass number cut.,3.0,,
placement_88,Placement,,,,,,,2021-04-11,Ongoing
candidate_89,Candidate,Richard Snyder,angelicawest@brown.com,+1-784-113-1584x9383,East Valerie,,,,
email_89,Email,,angelicawest@brown.com,,,,,,
feedback_89,InterviewFeedback,,,,,Try discover radio much.,3.0,,
placement_89,Placement,,,,,,,2023-09-06,Offered
candidate_90,Candidate,Pamela Williams,martinrebecca@riddle.info,+1-117-798-2265x50454,New Katelynside,,,,
email_90,Email,,martinrebecca@riddle.info,,,,,,
feedback_90,InterviewFeedback,,,,,Make manager political run.,4.0,,
placement_90,Placement,,,,,,,2025-03-11,Ongoing
candidate_91,Candidate,Angela Ramirez,ncrawford@gmail.com,271-243-2397x36414,West Wendy,,,,
email_91,Email,,ncrawford@gmail.com,,,,,,
feedback_91,InterviewFeedback,,,,,National project notice skin citizen several media.,1.0,,
placement_91,Placement,,,,,,,2022-05-09,Ongoing
candidate_92,Candidate,Patricia Thomas,ojackson@hotmail.com,(067)991-8404x272,East Matthewville,,,,
email_92,Email,,ojackson@hotmail.com,,,,,,
feedback_92,InterviewFeedback,,,,,Top end line those.,4.0,,
placement_92,Placement,,,,,,,2020-12-31,Offered
candidate_93,Candidate,Helen Williamson DVM,christopher05@gmail.com,799.701.6375x6890,Vaughnfort,,,,
email_93,Email,,christopher05@gmail.com,,,,,,
feedback_93,InterviewFeedback,,,,,Fight firm treatment less include network fight success.,3.0,,
placement_93,Placement,,,,,,,2025-01-26,Completed
candidate_94,Candidate,William Thomas,joseph95@steele-moyer.info,+1-507-247-6197,West Gabriellaborough,,,,
email_94,Email,,joseph95@steele-moyer.info,,,,,,
feedback_94,InterviewFeedback,,,,,Know information him my mention suddenly blood.,5.0,,
placement_94,Placement,,,,,,,2021-03-20,Ongoing
candidate_95,Candidate,Tara Price,apage@yahoo.com,+1-104-883-3357,Scottport,,,,
email_95,Email,,apage@yahoo.com,,,,,,
feedback_95,InterviewFeedback,,,,,Sound recognize senior rather land although if.,2.0,,
placement_95,Placement,,,,,,,2025-08-01,Completed
candidate_96,Candidate,Anthony Ray,reyesmikayla@hotmail.com,001-586-943-4228,East Marcialand,,,,
email_96,Email,,reyesmikayla@hotmail.com,,,,,,
feedback_96,InterviewFeedback,,,,,Candidate I pay by door.,1.0,,
placement_96,Placement,,,,,,,2021-04-25,Ongoing
candidate_97,Candidate,Jessica Wright,abigail49@buck.biz,001-461-021-1399,Rowlandport,,,,
email_97,Email,,abigail49@buck.biz,,,,,,
feedback_97,InterviewFeedback,,,,,East significant beautiful check computer along risk.,3.0,,
placement_97,Placement,,,,,,,2022-12-31,Ongoing
candidate_98,Candidate,Anna Hubbard,sabrina82@johnson-dunn.com,+1-623-193-7265x917,Garciaborough,,,,
email_98,Email,,sabrina82@johnson-dunn.com,,,,,,
feedback_98,InterviewFeedback,,,,,Certainly himself news join you.,5.0,,
placement_98,Placement,,,,,,,2023-08-13,Ongoing
candidate_99,Candidate,Ronald Sanchez,bpham@hotmail.com,233.501.5106,Shelbybury,,,,
email_99,Email,,bpham@hotmail.com,,,,,,
feedback_99,InterviewFeedback,,,,,Reason situation daughter word mean memory better.,3.0,,
placement_99,Placement,,,,,,,2024-01-16,Offered
