from,to,type
candidate_0,email_0,HAS_EMAIL
candidate_0,company_1,WORKED_AT
candidate_0,skill_react,HAS_SKILL
candidate_0,skill_java,HAS_SKILL
candidate_0,skill_excel,HAS_SKILL
candidate_0,trait_analytical,HAS_TRAIT
candidate_0,trait_detail-oriented,HAS_TRAIT
candidate_0,task_write_code,ASSIGNED_TASK
candidate_0,feedback_0,HAS_FEEDBACK
candidate_0,placement_0,PLACED_IN
candidate_1,email_1,HAS_EMAIL
candidate_1,company_17,WORKED_AT
candidate_1,skill_aws,HAS_SKILL
candidate_1,skill_machine learning,HAS_SKILL
candidate_1,skill_python,HAS_SKILL
candidate_1,trait_team_player,HAS_TRAIT
candidate_1,trait_organized,HAS_TRAIT
candidate_1,task_prepare_report,ASSIGNED_TASK
candidate_1,feedback_1,HAS_FEEDBACK
candidate_1,placement_1,PLACED_IN
candidate_2,email_2,HAS_EMAIL
candidate_2,company_7,WORKED_AT
candidate_2,skill_salesforce,HAS_SKILL
candidate_2,skill_python,HAS_SKILL
candidate_2,skill_excel,HAS_SKILL
candidate_2,trait_organized,HAS_TRAIT
candidate_2,trait_detail-oriented,HAS_TRAIT
candidate_2,task_data_entry,ASSIGNED_TASK
candidate_2,feedback_2,HAS_FEEDBACK
candidate_2,placement_2,PLACED_IN
candidate_3,email_3,HAS_EMAIL
candidate_3,company_0,WORKED_AT
candidate_3,skill_aws,HAS_SKILL
candidate_3,skill_nursing,HAS_SKILL
candidate_3,skill_java,HAS_SKILL
candidate_3,trait_detail-oriented,HAS_TRAIT
candidate_3,trait_organized,HAS_TRAIT
candidate_3,task_lead_project,ASSIGNED_TASK
candidate_3,feedback_3,HAS_FEEDBACK
candidate_3,placement_3,PLACED_IN
candidate_4,email_4,HAS_EMAIL
candidate_4,company_0,WORKED_AT
candidate_4,skill_react,HAS_SKILL
candidate_4,skill_excel,HAS_SKILL
candidate_4,skill_nursing,HAS_SKILL
candidate_4,trait_analytical,HAS_TRAIT
candidate_4,trait_empathetic,HAS_TRAIT
candidate_4,task_write_code,ASSIGNED_TASK
candidate_4,feedback_4,HAS_FEEDBACK
candidate_4,placement_4,PLACED_IN
candidate_5,email_5,HAS_EMAIL
candidate_5,company_16,WORKED_AT
candidate_5,skill_nursing,HAS_SKILL
candidate_5,skill_sql,HAS_SKILL
candidate_5,skill_aws,HAS_SKILL
candidate_5,trait_detail-oriented,HAS_TRAIT
candidate_5,trait_empathetic,HAS_TRAIT
candidate_5,task_lead_project,ASSIGNED_TASK
candidate_5,feedback_5,HAS_FEEDBACK
candidate_5,placement_5,PLACED_IN
candidate_6,email_6,HAS_EMAIL
candidate_6,company_17,WORKED_AT
candidate_6,skill_machine learning,HAS_SKILL
candidate_6,skill_nursing,HAS_SKILL
candidate_6,skill_excel,HAS_SKILL
candidate_6,trait_analytical,HAS_TRAIT
candidate_6,trait_leader,HAS_TRAIT
candidate_6,task_write_code,ASSIGNED_TASK
candidate_6,feedback_6,HAS_FEEDBACK
candidate_6,placement_6,PLACED_IN
candidate_7,email_7,HAS_EMAIL
candidate_7,company_2,WORKED_AT
candidate_7,skill_nursing,HAS_SKILL
candidate_7,skill_react,HAS_SKILL
candidate_7,skill_salesforce,HAS_SKILL
candidate_7,trait_analytical,HAS_TRAIT
candidate_7,trait_organized,HAS_TRAIT
candidate_7,task_data_entry,ASSIGNED_TASK
candidate_7,feedback_7,HAS_FEEDBACK
candidate_7,placement_7,PLACED_IN
candidate_8,email_8,HAS_EMAIL
candidate_8,company_14,WORKED_AT
candidate_8,skill_excel,HAS_SKILL
candidate_8,skill_aws,HAS_SKILL
candidate_8,skill_python,HAS_SKILL
candidate_8,trait_team_player,HAS_TRAIT
candidate_8,trait_leader,HAS_TRAIT
candidate_8,task_write_code,ASSIGNED_TASK
candidate_8,feedback_8,HAS_FEEDBACK
candidate_8,placement_8,PLACED_IN
candidate_9,email_9,HAS_EMAIL
candidate_9,company_11,WORKED_AT
candidate_9,skill_sql,HAS_SKILL
candidate_9,skill_excel,HAS_SKILL
candidate_9,skill_python,HAS_SKILL
candidate_9,trait_creative,HAS_TRAIT
candidate_9,trait_analytical,HAS_TRAIT
candidate_9,task_diagnose_patient,ASSIGNED_TASK
candidate_9,feedback_9,HAS_FEEDBACK
candidate_9,placement_9,PLACED_IN
candidate_10,email_10,HAS_EMAIL
candidate_10,company_15,WORKED_AT
candidate_10,skill_salesforce,HAS_SKILL
candidate_10,skill_machine learning,HAS_SKILL
candidate_10,skill_nursing,HAS_SKILL
candidate_10,trait_empathetic,HAS_TRAIT
candidate_10,trait_organized,HAS_TRAIT
candidate_10,task_write_code,ASSIGNED_TASK
candidate_10,feedback_10,HAS_FEEDBACK
candidate_10,placement_10,PLACED_IN
candidate_11,email_11,HAS_EMAIL
candidate_11,company_14,WORKED_AT
candidate_11,skill_sql,HAS_SKILL
candidate_11,skill_python,HAS_SKILL
candidate_11,skill_react,HAS_SKILL
candidate_11,trait_organized,HAS_TRAIT
candidate_11,trait_analytical,HAS_TRAIT
candidate_11,task_lead_project,ASSIGNED_TASK
candidate_11,feedback_11,HAS_FEEDBACK
candidate_11,placement_11,PLACED_IN
candidate_12,email_12,HAS_EMAIL
candidate_12,company_13,WORKED_AT
candidate_12,skill_python,HAS_SKILL
candidate_12,skill_java,HAS_SKILL
candidate_12,skill_emr,HAS_SKILL
candidate_12,trait_leader,HAS_TRAIT
candidate_12,trait_analytical,HAS_TRAIT
candidate_12,task_lead_project,ASSIGNED_TASK
candidate_12,feedback_12,HAS_FEEDBACK
candidate_12,placement_12,PLACED_IN
candidate_13,email_13,HAS_EMAIL
candidate_13,company_13,WORKED_AT
candidate_13,skill_python,HAS_SKILL
candidate_13,skill_emr,HAS_SKILL
candidate_13,skill_excel,HAS_SKILL
candidate_13,trait_detail-oriented,HAS_TRAIT
candidate_13,trait_leader,HAS_TRAIT
candidate_13,task_lead_project,ASSIGNED_TASK
candidate_13,feedback_13,HAS_FEEDBACK
candidate_13,placement_13,PLACED_IN
candidate_14,email_14,HAS_EMAIL
candidate_14,company_10,WORKED_AT
candidate_14,skill_react,HAS_SKILL
candidate_14,skill_nursing,HAS_SKILL
candidate_14,skill_python,HAS_SKILL
candidate_14,trait_organized,HAS_TRAIT
candidate_14,trait_leader,HAS_TRAIT
candidate_14,task_prepare_report,ASSIGNED_TASK
candidate_14,feedback_14,HAS_FEEDBACK
candidate_14,placement_14,PLACED_IN
candidate_15,email_15,HAS_EMAIL
candidate_15,company_0,WORKED_AT
candidate_15,skill_salesforce,HAS_SKILL
candidate_15,skill_excel,HAS_SKILL
candidate_15,skill_java,HAS_SKILL
candidate_15,trait_creative,HAS_TRAIT
candidate_15,trait_organized,HAS_TRAIT
candidate_15,task_conduct_interview,ASSIGNED_TASK
candidate_15,feedback_15,HAS_FEEDBACK
candidate_15,placement_15,PLACED_IN
candidate_16,email_16,HAS_EMAIL
candidate_16,company_7,WORKED_AT
candidate_16,skill_java,HAS_SKILL
candidate_16,skill_python,HAS_SKILL
candidate_16,skill_excel,HAS_SKILL
candidate_16,trait_leader,HAS_TRAIT
candidate_16,trait_analytical,HAS_TRAIT
candidate_16,task_conduct_interview,ASSIGNED_TASK
candidate_16,feedback_16,HAS_FEEDBACK
candidate_16,placement_16,PLACED_IN
candidate_17,email_17,HAS_EMAIL
candidate_17,company_11,WORKED_AT
candidate_17,skill_salesforce,HAS_SKILL
candidate_17,skill_emr,HAS_SKILL
candidate_17,skill_aws,HAS_SKILL
candidate_17,trait_leader,HAS_TRAIT
candidate_17,trait_detail-oriented,HAS_TRAIT
candidate_17,task_lead_project,ASSIGNED_TASK
candidate_17,feedback_17,HAS_FEEDBACK
candidate_17,placement_17,PLACED_IN
candidate_18,email_18,HAS_EMAIL
candidate_18,company_12,WORKED_AT
candidate_18,skill_excel,HAS_SKILL
candidate_18,skill_python,HAS_SKILL
candidate_18,skill_salesforce,HAS_SKILL
candidate_18,trait_empathetic,HAS_TRAIT
candidate_18,trait_creative,HAS_TRAIT
candidate_18,task_write_code,ASSIGNED_TASK
candidate_18,feedback_18,HAS_FEEDBACK
candidate_18,placement_18,PLACED_IN
candidate_19,email_19,HAS_EMAIL
candidate_19,company_14,WORKED_AT
candidate_19,skill_react,HAS_SKILL
candidate_19,skill_excel,HAS_SKILL
candidate_19,skill_python,HAS_SKILL
candidate_19,trait_team_player,HAS_TRAIT
candidate_19,trait_leader,HAS_TRAIT
candidate_19,task_prepare_report,ASSIGNED_TASK
candidate_19,feedback_19,HAS_FEEDBACK
candidate_19,placement_19,PLACED_IN
candidate_20,email_20,HAS_EMAIL
candidate_20,company_17,WORKED_AT
candidate_20,skill_salesforce,HAS_SKILL
candidate_20,skill_aws,HAS_SKILL
candidate_20,skill_java,HAS_SKILL
candidate_20,trait_leader,HAS_TRAIT
candidate_20,trait_creative,HAS_TRAIT
candidate_20,task_prepare_report,ASSIGNED_TASK
candidate_20,feedback_20,HAS_FEEDBACK
candidate_20,placement_20,PLACED_IN
candidate_21,email_21,HAS_EMAIL
candidate_21,company_10,WORKED_AT
candidate_21,skill_java,HAS_SKILL
candidate_21,skill_react,HAS_SKILL
candidate_21,skill_sql,HAS_SKILL
candidate_21,trait_team_player,HAS_TRAIT
candidate_21,trait_analytical,HAS_TRAIT
candidate_21,task_prepare_report,ASSIGNED_TASK
candidate_21,feedback_21,HAS_FEEDBACK
candidate_21,placement_21,PLACED_IN
candidate_22,email_22,HAS_EMAIL
candidate_22,company_16,WORKED_AT
candidate_22,skill_java,HAS_SKILL
candidate_22,skill_sql,HAS_SKILL
candidate_22,skill_emr,HAS_SKILL
candidate_22,trait_organized,HAS_TRAIT
candidate_22,trait_detail-oriented,HAS_TRAIT
candidate_22,task_conduct_interview,ASSIGNED_TASK
candidate_22,feedback_22,HAS_FEEDBACK
candidate_22,placement_22,PLACED_IN
candidate_23,email_23,HAS_EMAIL
candidate_23,company_7,WORKED_AT
candidate_23,skill_java,HAS_SKILL
candidate_23,skill_aws,HAS_SKILL
candidate_23,skill_machine learning,HAS_SKILL
candidate_23,trait_analytical,HAS_TRAIT
candidate_23,trait_leader,HAS_TRAIT
candidate_23,task_data_entry,ASSIGNED_TASK
candidate_23,feedback_23,HAS_FEEDBACK
candidate_23,placement_23,PLACED_IN
candidate_24,email_24,HAS_EMAIL
candidate_24,company_4,WORKED_AT
candidate_24,skill_nursing,HAS_SKILL
candidate_24,skill_machine learning,HAS_SKILL
candidate_24,skill_excel,HAS_SKILL
candidate_24,trait_organized,HAS_TRAIT
candidate_24,trait_detail-oriented,HAS_TRAIT
candidate_24,task_prepare_report,ASSIGNED_TASK
candidate_24,feedback_24,HAS_FEEDBACK
candidate_24,placement_24,PLACED_IN
candidate_25,email_25,HAS_EMAIL
candidate_25,company_10,WORKED_AT
candidate_25,skill_excel,HAS_SKILL
candidate_25,skill_sql,HAS_SKILL
candidate_25,skill_salesforce,HAS_SKILL
candidate_25,trait_leader,HAS_TRAIT
candidate_25,trait_creative,HAS_TRAIT
candidate_25,task_write_code,ASSIGNED_TASK
candidate_25,feedback_25,HAS_FEEDBACK
candidate_25,placement_25,PLACED_IN
candidate_26,email_26,HAS_EMAIL
candidate_26,company_15,WORKED_AT
candidate_26,skill_aws,HAS_SKILL
candidate_26,skill_java,HAS_SKILL
candidate_26,skill_python,HAS_SKILL
candidate_26,trait_analytical,HAS_TRAIT
candidate_26,trait_empathetic,HAS_TRAIT
candidate_26,task_prepare_report,ASSIGNED_TASK
candidate_26,feedback_26,HAS_FEEDBACK
candidate_26,placement_26,PLACED_IN
candidate_27,email_27,HAS_EMAIL
candidate_27,company_11,WORKED_AT
candidate_27,skill_sql,HAS_SKILL
candidate_27,skill_nursing,HAS_SKILL
candidate_27,skill_aws,HAS_SKILL
candidate_27,trait_organized,HAS_TRAIT
candidate_27,trait_team_player,HAS_TRAIT
candidate_27,task_conduct_interview,ASSIGNED_TASK
candidate_27,feedback_27,HAS_FEEDBACK
candidate_27,placement_27,PLACED_IN
candidate_28,email_28,HAS_EMAIL
candidate_28,company_13,WORKED_AT
candidate_28,skill_excel,HAS_SKILL
candidate_28,skill_emr,HAS_SKILL
candidate_28,skill_react,HAS_SKILL
candidate_28,trait_organized,HAS_TRAIT
candidate_28,trait_team_player,HAS_TRAIT
candidate_28,task_data_entry,ASSIGNED_TASK
candidate_28,feedback_28,HAS_FEEDBACK
candidate_28,placement_28,PLACED_IN
candidate_29,email_29,HAS_EMAIL
candidate_29,company_2,WORKED_AT
candidate_29,skill_react,HAS_SKILL
candidate_29,skill_java,HAS_SKILL
candidate_29,skill_machine learning,HAS_SKILL
candidate_29,trait_leader,HAS_TRAIT
candidate_29,trait_organized,HAS_TRAIT
candidate_29,task_prepare_report,ASSIGNED_TASK
candidate_29,feedback_29,HAS_FEEDBACK
candidate_29,placement_29,PLACED_IN
candidate_30,email_30,HAS_EMAIL
candidate_30,company_1,WORKED_AT
candidate_30,skill_machine learning,HAS_SKILL
candidate_30,skill_excel,HAS_SKILL
candidate_30,skill_react,HAS_SKILL
candidate_30,trait_detail-oriented,HAS_TRAIT
candidate_30,trait_empathetic,HAS_TRAIT
candidate_30,task_data_entry,ASSIGNED_TASK
candidate_30,feedback_30,HAS_FEEDBACK
candidate_30,placement_30,PLACED_IN
candidate_31,email_31,HAS_EMAIL
candidate_31,company_14,WORKED_AT
candidate_31,skill_react,HAS_SKILL
candidate_31,skill_nursing,HAS_SKILL
candidate_31,skill_aws,HAS_SKILL
candidate_31,trait_team_player,HAS_TRAIT
candidate_31,trait_creative,HAS_TRAIT
candidate_31,task_diagnose_patient,ASSIGNED_TASK
candidate_31,feedback_31,HAS_FEEDBACK
candidate_31,placement_31,PLACED_IN
candidate_32,email_32,HAS_EMAIL
candidate_32,company_8,WORKED_AT
candidate_32,skill_aws,HAS_SKILL
candidate_32,skill_python,HAS_SKILL
candidate_32,skill_salesforce,HAS_SKILL
candidate_32,trait_detail-oriented,HAS_TRAIT
candidate_32,trait_organized,HAS_TRAIT
candidate_32,task_diagnose_patient,ASSIGNED_TASK
candidate_32,feedback_32,HAS_FEEDBACK
candidate_32,placement_32,PLACED_IN
candidate_33,email_33,HAS_EMAIL
candidate_33,company_4,WORKED_AT
candidate_33,skill_nursing,HAS_SKILL
candidate_33,skill_emr,HAS_SKILL
candidate_33,skill_python,HAS_SKILL
candidate_33,trait_empathetic,HAS_TRAIT
candidate_33,trait_leader,HAS_TRAIT
candidate_33,task_conduct_interview,ASSIGNED_TASK
candidate_33,feedback_33,HAS_FEEDBACK
candidate_33,placement_33,PLACED_IN
candidate_34,email_34,HAS_EMAIL
candidate_34,company_7,WORKED_AT
candidate_34,skill_machine learning,HAS_SKILL
candidate_34,skill_python,HAS_SKILL
candidate_34,skill_nursing,HAS_SKILL
candidate_34,trait_leader,HAS_TRAIT
candidate_34,trait_organized,HAS_TRAIT
candidate_34,task_prepare_report,ASSIGNED_TASK
candidate_34,feedback_34,HAS_FEEDBACK
candidate_34,placement_34,PLACED_IN
candidate_35,email_35,HAS_EMAIL
candidate_35,company_10,WORKED_AT
candidate_35,skill_excel,HAS_SKILL
candidate_35,skill_sql,HAS_SKILL
candidate_35,skill_java,HAS_SKILL
candidate_35,trait_organized,HAS_TRAIT
candidate_35,trait_analytical,HAS_TRAIT
candidate_35,task_prepare_report,ASSIGNED_TASK
candidate_35,feedback_35,HAS_FEEDBACK
candidate_35,placement_35,PLACED_IN
candidate_36,email_36,HAS_EMAIL
candidate_36,company_11,WORKED_AT
candidate_36,skill_excel,HAS_SKILL
candidate_36,skill_python,HAS_SKILL
candidate_36,skill_emr,HAS_SKILL
candidate_36,trait_empathetic,HAS_TRAIT
candidate_36,trait_creative,HAS_TRAIT
candidate_36,task_conduct_interview,ASSIGNED_TASK
candidate_36,feedback_36,HAS_FEEDBACK
candidate_36,placement_36,PLACED_IN
candidate_37,email_37,HAS_EMAIL
candidate_37,company_8,WORKED_AT
candidate_37,skill_emr,HAS_SKILL
candidate_37,skill_salesforce,HAS_SKILL
candidate_37,skill_sql,HAS_SKILL
candidate_37,trait_analytical,HAS_TRAIT
candidate_37,trait_empathetic,HAS_TRAIT
candidate_37,task_diagnose_patient,ASSIGNED_TASK
candidate_37,feedback_37,HAS_FEEDBACK
candidate_37,placement_37,PLACED_IN
candidate_38,email_38,HAS_EMAIL
candidate_38,company_16,WORKED_AT
candidate_38,skill_java,HAS_SKILL
candidate_38,skill_machine learning,HAS_SKILL
candidate_38,skill_nursing,HAS_SKILL
candidate_38,trait_leader,HAS_TRAIT
candidate_38,trait_organized,HAS_TRAIT
candidate_38,task_data_entry,ASSIGNED_TASK
candidate_38,feedback_38,HAS_FEEDBACK
candidate_38,placement_38,PLACED_IN
candidate_39,email_39,HAS_EMAIL
candidate_39,company_16,WORKED_AT
candidate_39,skill_java,HAS_SKILL
candidate_39,skill_excel,HAS_SKILL
candidate_39,skill_emr,HAS_SKILL
candidate_39,trait_organized,HAS_TRAIT
candidate_39,trait_empathetic,HAS_TRAIT
candidate_39,task_write_code,ASSIGNED_TASK
candidate_39,feedback_39,HAS_FEEDBACK
candidate_39,placement_39,PLACED_IN
candidate_40,email_40,HAS_EMAIL
candidate_40,company_13,WORKED_AT
candidate_40,skill_excel,HAS_SKILL
candidate_40,skill_emr,HAS_SKILL
candidate_40,skill_aws,HAS_SKILL
candidate_40,trait_team_player,HAS_TRAIT
candidate_40,trait_empathetic,HAS_TRAIT
candidate_40,task_conduct_interview,ASSIGNED_TASK
candidate_40,feedback_40,HAS_FEEDBACK
candidate_40,placement_40,PLACED_IN
candidate_41,email_41,HAS_EMAIL
candidate_41,company_7,WORKED_AT
candidate_41,skill_python,HAS_SKILL
candidate_41,skill_sql,HAS_SKILL
candidate_41,skill_emr,HAS_SKILL
candidate_41,trait_detail-oriented,HAS_TRAIT
candidate_41,trait_empathetic,HAS_TRAIT
candidate_41,task_write_code,ASSIGNED_TASK
candidate_41,feedback_41,HAS_FEEDBACK
candidate_41,placement_41,PLACED_IN
candidate_42,email_42,HAS_EMAIL
candidate_42,company_10,WORKED_AT
candidate_42,skill_emr,HAS_SKILL
candidate_42,skill_python,HAS_SKILL
candidate_42,skill_machine learning,HAS_SKILL
candidate_42,trait_team_player,HAS_TRAIT
candidate_42,trait_creative,HAS_TRAIT
candidate_42,task_diagnose_patient,ASSIGNED_TASK
candidate_42,feedback_42,HAS_FEEDBACK
candidate_42,placement_42,PLACED_IN
candidate_43,email_43,HAS_EMAIL
candidate_43,company_9,WORKED_AT
candidate_43,skill_java,HAS_SKILL
candidate_43,skill_react,HAS_SKILL
candidate_43,skill_aws,HAS_SKILL
candidate_43,trait_team_player,HAS_TRAIT
candidate_43,trait_leader,HAS_TRAIT
candidate_43,task_write_code,ASSIGNED_TASK
candidate_43,feedback_43,HAS_FEEDBACK
candidate_43,placement_43,PLACED_IN
candidate_44,email_44,HAS_EMAIL
candidate_44,company_14,WORKED_AT
candidate_44,skill_sql,HAS_SKILL
candidate_44,skill_excel,HAS_SKILL
candidate_44,skill_machine learning,HAS_SKILL
candidate_44,trait_leader,HAS_TRAIT
candidate_44,trait_creative,HAS_TRAIT
candidate_44,task_diagnose_patient,ASSIGNED_TASK
candidate_44,feedback_44,HAS_FEEDBACK
candidate_44,placement_44,PLACED_IN
candidate_45,email_45,HAS_EMAIL
candidate_45,company_6,WORKED_AT
candidate_45,skill_excel,HAS_SKILL
candidate_45,skill_java,HAS_SKILL
candidate_45,skill_nursing,HAS_SKILL
candidate_45,trait_organized,HAS_TRAIT
candidate_45,trait_detail-oriented,HAS_TRAIT
candidate_45,task_prepare_report,ASSIGNED_TASK
candidate_45,feedback_45,HAS_FEEDBACK
candidate_45,placement_45,PLACED_IN
candidate_46,email_46,HAS_EMAIL
candidate_46,company_3,WORKED_AT
candidate_46,skill_salesforce,HAS_SKILL
candidate_46,skill_java,HAS_SKILL
candidate_46,skill_nursing,HAS_SKILL
candidate_46,trait_organized,HAS_TRAIT
candidate_46,trait_analytical,HAS_TRAIT
candidate_46,task_data_entry,ASSIGNED_TASK
candidate_46,feedback_46,HAS_FEEDBACK
candidate_46,placement_46,PLACED_IN
candidate_47,email_47,HAS_EMAIL
candidate_47,company_14,WORKED_AT
candidate_47,skill_emr,HAS_SKILL
candidate_47,skill_aws,HAS_SKILL
candidate_47,skill_react,HAS_SKILL
candidate_47,trait_analytical,HAS_TRAIT
candidate_47,trait_team_player,HAS_TRAIT
candidate_47,task_diagnose_patient,ASSIGNED_TASK
candidate_47,feedback_47,HAS_FEEDBACK
candidate_47,placement_47,PLACED_IN
candidate_48,email_48,HAS_EMAIL
candidate_48,company_16,WORKED_AT
candidate_48,skill_java,HAS_SKILL
candidate_48,skill_aws,HAS_SKILL
candidate_48,skill_machine learning,HAS_SKILL
candidate_48,trait_organized,HAS_TRAIT
candidate_48,trait_creative,HAS_TRAIT
candidate_48,task_conduct_interview,ASSIGNED_TASK
candidate_48,feedback_48,HAS_FEEDBACK
candidate_48,placement_48,PLACED_IN
candidate_49,email_49,HAS_EMAIL
candidate_49,company_13,WORKED_AT
candidate_49,skill_salesforce,HAS_SKILL
candidate_49,skill_nursing,HAS_SKILL
candidate_49,skill_machine learning,HAS_SKILL
candidate_49,trait_organized,HAS_TRAIT
candidate_49,trait_detail-oriented,HAS_TRAIT
candidate_49,task_conduct_interview,ASSIGNED_TASK
candidate_49,feedback_49,HAS_FEEDBACK
candidate_49,placement_49,PLACED_IN
candidate_50,email_50,HAS_EMAIL
candidate_50,company_1,WORKED_AT
candidate_50,skill_java,HAS_SKILL
candidate_50,skill_salesforce,HAS_SKILL
candidate_50,skill_sql,HAS_SKILL
candidate_50,trait_empathetic,HAS_TRAIT
candidate_50,trait_organized,HAS_TRAIT
candidate_50,task_conduct_interview,ASSIGNED_TASK
candidate_50,feedback_50,HAS_FEEDBACK
candidate_50,placement_50,PLACED_IN
candidate_51,email_51,HAS_EMAIL
candidate_51,company_1,WORKED_AT
candidate_51,skill_salesforce,HAS_SKILL
candidate_51,skill_java,HAS_SKILL
candidate_51,skill_nursing,HAS_SKILL
candidate_51,trait_creative,HAS_TRAIT
candidate_51,trait_detail-oriented,HAS_TRAIT
candidate_51,task_conduct_interview,ASSIGNED_TASK
candidate_51,feedback_51,HAS_FEEDBACK
candidate_51,placement_51,PLACED_IN
candidate_52,email_52,HAS_EMAIL
candidate_52,company_14,WORKED_AT
candidate_52,skill_sql,HAS_SKILL
candidate_52,skill_machine learning,HAS_SKILL
candidate_52,skill_emr,HAS_SKILL
candidate_52,trait_organized,HAS_TRAIT
candidate_52,trait_empathetic,HAS_TRAIT
candidate_52,task_prepare_report,ASSIGNED_TASK
candidate_52,feedback_52,HAS_FEEDBACK
candidate_52,placement_52,PLACED_IN
candidate_53,email_53,HAS_EMAIL
candidate_53,company_0,WORKED_AT
candidate_53,skill_react,HAS_SKILL
candidate_53,skill_aws,HAS_SKILL
candidate_53,skill_excel,HAS_SKILL
candidate_53,trait_analytical,HAS_TRAIT
candidate_53,trait_team_player,HAS_TRAIT
candidate_53,task_write_code,ASSIGNED_TASK
candidate_53,feedback_53,HAS_FEEDBACK
candidate_53,placement_53,PLACED_IN
candidate_54,email_54,HAS_EMAIL
candidate_54,company_2,WORKED_AT
candidate_54,skill_java,HAS_SKILL
candidate_54,skill_sql,HAS_SKILL
candidate_54,skill_react,HAS_SKILL
candidate_54,trait_team_player,HAS_TRAIT
candidate_54,trait_organized,HAS_TRAIT
candidate_54,task_data_entry,ASSIGNED_TASK
candidate_54,feedback_54,HAS_FEEDBACK
candidate_54,placement_54,PLACED_IN
candidate_55,email_55,HAS_EMAIL
candidate_55,company_17,WORKED_AT
candidate_55,skill_react,HAS_SKILL
candidate_55,skill_excel,HAS_SKILL
candidate_55,skill_aws,HAS_SKILL
candidate_55,trait_analytical,HAS_TRAIT
candidate_55,trait_creative,HAS_TRAIT
candidate_55,task_conduct_interview,ASSIGNED_TASK
candidate_55,feedback_55,HAS_FEEDBACK
candidate_55,placement_55,PLACED_IN
candidate_56,email_56,HAS_EMAIL
candidate_56,company_19,WORKED_AT
candidate_56,skill_react,HAS_SKILL
candidate_56,skill_aws,HAS_SKILL
candidate_56,skill_emr,HAS_SKILL
candidate_56,trait_creative,HAS_TRAIT
candidate_56,trait_detail-oriented,HAS_TRAIT
candidate_56,task_prepare_report,ASSIGNED_TASK
candidate_56,feedback_56,HAS_FEEDBACK
candidate_56,placement_56,PLACED_IN
candidate_57,email_57,HAS_EMAIL
candidate_57,company_9,WORKED_AT
candidate_57,skill_java,HAS_SKILL
candidate_57,skill_excel,HAS_SKILL
candidate_57,skill_salesforce,HAS_SKILL
candidate_57,trait_leader,HAS_TRAIT
candidate_57,trait_analytical,HAS_TRAIT
candidate_57,task_diagnose_patient,ASSIGNED_TASK
candidate_57,feedback_57,HAS_FEEDBACK
candidate_57,placement_57,PLACED_IN
candidate_58,email_58,HAS_EMAIL
candidate_58,company_19,WORKED_AT
candidate_58,skill_emr,HAS_SKILL
candidate_58,skill_sql,HAS_SKILL
candidate_58,skill_excel,HAS_SKILL
candidate_58,trait_creative,HAS_TRAIT
candidate_58,trait_organized,HAS_TRAIT
candidate_58,task_write_code,ASSIGNED_TASK
candidate_58,feedback_58,HAS_FEEDBACK
candidate_58,placement_58,PLACED_IN
candidate_59,email_59,HAS_EMAIL
candidate_59,company_11,WORKED_AT
candidate_59,skill_excel,HAS_SKILL
candidate_59,skill_nursing,HAS_SKILL
candidate_59,skill_react,HAS_SKILL
candidate_59,trait_creative,HAS_TRAIT
candidate_59,trait_leader,HAS_TRAIT
candidate_59,task_data_entry,ASSIGNED_TASK
candidate_59,feedback_59,HAS_FEEDBACK
candidate_59,placement_59,PLACED_IN
candidate_60,email_60,HAS_EMAIL
candidate_60,company_0,WORKED_AT
candidate_60,skill_react,HAS_SKILL
candidate_60,skill_python,HAS_SKILL
candidate_60,skill_salesforce,HAS_SKILL
candidate_60,trait_organized,HAS_TRAIT
candidate_60,trait_team_player,HAS_TRAIT
candidate_60,task_prepare_report,ASSIGNED_TASK
candidate_60,feedback_60,HAS_FEEDBACK
candidate_60,placement_60,PLACED_IN
candidate_61,email_61,HAS_EMAIL
candidate_61,company_4,WORKED_AT
candidate_61,skill_machine learning,HAS_SKILL
candidate_61,skill_java,HAS_SKILL
candidate_61,skill_react,HAS_SKILL
candidate_61,trait_detail-oriented,HAS_TRAIT
candidate_61,trait_organized,HAS_TRAIT
candidate_61,task_prepare_report,ASSIGNED_TASK
candidate_61,feedback_61,HAS_FEEDBACK
candidate_61,placement_61,PLACED_IN
candidate_62,email_62,HAS_EMAIL
candidate_62,company_11,WORKED_AT
candidate_62,skill_salesforce,HAS_SKILL
candidate_62,skill_react,HAS_SKILL
candidate_62,skill_excel,HAS_SKILL
candidate_62,trait_detail-oriented,HAS_TRAIT
candidate_62,trait_leader,HAS_TRAIT
candidate_62,task_prepare_report,ASSIGNED_TASK
candidate_62,feedback_62,HAS_FEEDBACK
candidate_62,placement_62,PLACED_IN
candidate_63,email_63,HAS_EMAIL
candidate_63,company_3,WORKED_AT
candidate_63,skill_emr,HAS_SKILL
candidate_63,skill_java,HAS_SKILL
candidate_63,skill_aws,HAS_SKILL
candidate_63,trait_analytical,HAS_TRAIT
candidate_63,trait_creative,HAS_TRAIT
candidate_63,task_lead_project,ASSIGNED_TASK
candidate_63,feedback_63,HAS_FEEDBACK
candidate_63,placement_63,PLACED_IN
candidate_64,email_64,HAS_EMAIL
candidate_64,company_7,WORKED_AT
candidate_64,skill_python,HAS_SKILL
candidate_64,skill_java,HAS_SKILL
candidate_64,skill_emr,HAS_SKILL
candidate_64,trait_leader,HAS_TRAIT
candidate_64,trait_detail-oriented,HAS_TRAIT
candidate_64,task_diagnose_patient,ASSIGNED_TASK
candidate_64,feedback_64,HAS_FEEDBACK
candidate_64,placement_64,PLACED_IN
candidate_65,email_65,HAS_EMAIL
candidate_65,company_5,WORKED_AT
candidate_65,skill_salesforce,HAS_SKILL
candidate_65,skill_excel,HAS_SKILL
candidate_65,skill_python,HAS_SKILL
candidate_65,trait_empathetic,HAS_TRAIT
candidate_65,trait_team_player,HAS_TRAIT
candidate_65,task_conduct_interview,ASSIGNED_TASK
candidate_65,feedback_65,HAS_FEEDBACK
candidate_65,placement_65,PLACED_IN
candidate_66,email_66,HAS_EMAIL
candidate_66,company_4,WORKED_AT
candidate_66,skill_java,HAS_SKILL
candidate_66,skill_salesforce,HAS_SKILL
candidate_66,skill_react,HAS_SKILL
candidate_66,trait_empathetic,HAS_TRAIT
candidate_66,trait_team_player,HAS_TRAIT
candidate_66,task_diagnose_patient,ASSIGNED_TASK
candidate_66,feedback_66,HAS_FEEDBACK
candidate_66,placement_66,PLACED_IN
candidate_67,email_67,HAS_EMAIL
candidate_67,company_0,WORKED_AT
candidate_67,skill_java,HAS_SKILL
candidate_67,skill_excel,HAS_SKILL
candidate_67,skill_react,HAS_SKILL
candidate_67,trait_leader,HAS_TRAIT
candidate_67,trait_detail-oriented,HAS_TRAIT
candidate_67,task_lead_project,ASSIGNED_TASK
candidate_67,feedback_67,HAS_FEEDBACK
candidate_67,placement_67,PLACED_IN
candidate_68,email_68,HAS_EMAIL
candidate_68,company_6,WORKED_AT
candidate_68,skill_react,HAS_SKILL
candidate_68,skill_machine learning,HAS_SKILL
candidate_68,skill_aws,HAS_SKILL
candidate_68,trait_detail-oriented,HAS_TRAIT
candidate_68,trait_creative,HAS_TRAIT
candidate_68,task_conduct_interview,ASSIGNED_TASK
candidate_68,feedback_68,HAS_FEEDBACK
candidate_68,placement_68,PLACED_IN
candidate_69,email_69,HAS_EMAIL
candidate_69,company_6,WORKED_AT
candidate_69,skill_excel,HAS_SKILL
candidate_69,skill_sql,HAS_SKILL
candidate_69,skill_nursing,HAS_SKILL
candidate_69,trait_detail-oriented,HAS_TRAIT
candidate_69,trait_empathetic,HAS_TRAIT
candidate_69,task_write_code,ASSIGNED_TASK
candidate_69,feedback_69,HAS_FEEDBACK
candidate_69,placement_69,PLACED_IN
candidate_70,email_70,HAS_EMAIL
candidate_70,company_1,WORKED_AT
candidate_70,skill_emr,HAS_SKILL
candidate_70,skill_sql,HAS_SKILL
candidate_70,skill_java,HAS_SKILL
candidate_70,trait_empathetic,HAS_TRAIT
candidate_70,trait_leader,HAS_TRAIT
candidate_70,task_conduct_interview,ASSIGNED_TASK
candidate_70,feedback_70,HAS_FEEDBACK
candidate_70,placement_70,PLACED_IN
candidate_71,email_71,HAS_EMAIL
candidate_71,company_13,WORKED_AT
candidate_71,skill_emr,HAS_SKILL
candidate_71,skill_aws,HAS_SKILL
candidate_71,skill_java,HAS_SKILL
candidate_71,trait_organized,HAS_TRAIT
candidate_71,trait_team_player,HAS_TRAIT
candidate_71,task_write_code,ASSIGNED_TASK
candidate_71,feedback_71,HAS_FEEDBACK
candidate_71,placement_71,PLACED_IN
candidate_72,email_72,HAS_EMAIL
candidate_72,company_17,WORKED_AT
candidate_72,skill_react,HAS_SKILL
candidate_72,skill_python,HAS_SKILL
candidate_72,skill_sql,HAS_SKILL
candidate_72,trait_creative,HAS_TRAIT
candidate_72,trait_detail-oriented,HAS_TRAIT
candidate_72,task_conduct_interview,ASSIGNED_TASK
candidate_72,feedback_72,HAS_FEEDBACK
candidate_72,placement_72,PLACED_IN
candidate_73,email_73,HAS_EMAIL
candidate_73,company_1,WORKED_AT
candidate_73,skill_excel,HAS_SKILL
candidate_73,skill_nursing,HAS_SKILL
candidate_73,skill_machine learning,HAS_SKILL
candidate_73,trait_analytical,HAS_TRAIT
candidate_73,trait_creative,HAS_TRAIT
candidate_73,task_conduct_interview,ASSIGNED_TASK
candidate_73,feedback_73,HAS_FEEDBACK
candidate_73,placement_73,PLACED_IN
candidate_74,email_74,HAS_EMAIL
candidate_74,company_3,WORKED_AT
candidate_74,skill_java,HAS_SKILL
candidate_74,skill_python,HAS_SKILL
candidate_74,skill_sql,HAS_SKILL
candidate_74,trait_team_player,HAS_TRAIT
candidate_74,trait_creative,HAS_TRAIT
candidate_74,task_lead_project,ASSIGNED_TASK
candidate_74,feedback_74,HAS_FEEDBACK
candidate_74,placement_74,PLACED_IN
candidate_75,email_75,HAS_EMAIL
candidate_75,company_18,WORKED_AT
candidate_75,skill_react,HAS_SKILL
candidate_75,skill_aws,HAS_SKILL
candidate_75,skill_excel,HAS_SKILL
candidate_75,trait_creative,HAS_TRAIT
candidate_75,trait_analytical,HAS_TRAIT
candidate_75,task_prepare_report,ASSIGNED_TASK
candidate_75,feedback_75,HAS_FEEDBACK
candidate_75,placement_75,PLACED_IN
candidate_76,email_76,HAS_EMAIL
candidate_76,company_17,WORKED_AT
candidate_76,skill_emr,HAS_SKILL
candidate_76,skill_machine learning,HAS_SKILL
candidate_76,skill_java,HAS_SKILL
candidate_76,trait_organized,HAS_TRAIT
candidate_76,trait_detail-oriented,HAS_TRAIT
candidate_76,task_data_entry,ASSIGNED_TASK
candidate_76,feedback_76,HAS_FEEDBACK
candidate_76,placement_76,PLACED_IN
candidate_77,email_77,HAS_EMAIL
candidate_77,company_4,WORKED_AT
candidate_77,skill_emr,HAS_SKILL
candidate_77,skill_java,HAS_SKILL
candidate_77,skill_nursing,HAS_SKILL
candidate_77,trait_creative,HAS_TRAIT
candidate_77,trait_team_player,HAS_TRAIT
candidate_77,task_lead_project,ASSIGNED_TASK
candidate_77,feedback_77,HAS_FEEDBACK
candidate_77,placement_77,PLACED_IN
candidate_78,email_78,HAS_EMAIL
candidate_78,company_0,WORKED_AT
candidate_78,skill_aws,HAS_SKILL
candidate_78,skill_react,HAS_SKILL
candidate_78,skill_nursing,HAS_SKILL
candidate_78,trait_analytical,HAS_TRAIT
candidate_78,trait_creative,HAS_TRAIT
candidate_78,task_lead_project,ASSIGNED_TASK
candidate_78,feedback_78,HAS_FEEDBACK
candidate_78,placement_78,PLACED_IN
candidate_79,email_79,HAS_EMAIL
candidate_79,company_18,WORKED_AT
candidate_79,skill_machine learning,HAS_SKILL
candidate_79,skill_aws,HAS_SKILL
candidate_79,skill_sql,HAS_SKILL
candidate_79,trait_team_player,HAS_TRAIT
candidate_79,trait_detail-oriented,HAS_TRAIT
candidate_79,task_prepare_report,ASSIGNED_TASK
candidate_79,feedback_79,HAS_FEEDBACK
candidate_79,placement_79,PLACED_IN
candidate_80,email_80,HAS_EMAIL
candidate_80,company_3,WORKED_AT
candidate_80,skill_nursing,HAS_SKILL
candidate_80,skill_aws,HAS_SKILL
candidate_80,skill_excel,HAS_SKILL
candidate_80,trait_creative,HAS_TRAIT
candidate_80,trait_team_player,HAS_TRAIT
candidate_80,task_write_code,ASSIGNED_TASK
candidate_80,feedback_80,HAS_FEEDBACK
candidate_80,placement_80,PLACED_IN
candidate_81,email_81,HAS_EMAIL
candidate_81,company_7,WORKED_AT
candidate_81,skill_machine learning,HAS_SKILL
candidate_81,skill_excel,HAS_SKILL
candidate_81,skill_salesforce,HAS_SKILL
candidate_81,trait_leader,HAS_TRAIT
candidate_81,trait_creative,HAS_TRAIT
candidate_81,task_lead_project,ASSIGNED_TASK
candidate_81,feedback_81,HAS_FEEDBACK
candidate_81,placement_81,PLACED_IN
candidate_82,email_82,HAS_EMAIL
candidate_82,company_16,WORKED_AT
candidate_82,skill_sql,HAS_SKILL
candidate_82,skill_emr,HAS_SKILL
candidate_82,skill_nursing,HAS_SKILL
candidate_82,trait_analytical,HAS_TRAIT
candidate_82,trait_organized,HAS_TRAIT
candidate_82,task_data_entry,ASSIGNED_TASK
candidate_82,feedback_82,HAS_FEEDBACK
candidate_82,placement_82,PLACED_IN
candidate_83,email_83,HAS_EMAIL
candidate_83,company_8,WORKED_AT
candidate_83,skill_aws,HAS_SKILL
candidate_83,skill_nursing,HAS_SKILL
candidate_83,skill_salesforce,HAS_SKILL
candidate_83,trait_team_player,HAS_TRAIT
candidate_83,trait_detail-oriented,HAS_TRAIT
candidate_83,task_lead_project,ASSIGNED_TASK
candidate_83,feedback_83,HAS_FEEDBACK
candidate_83,placement_83,PLACED_IN
candidate_84,email_84,HAS_EMAIL
candidate_84,company_16,WORKED_AT
candidate_84,skill_salesforce,HAS_SKILL
candidate_84,skill_aws,HAS_SKILL
candidate_84,skill_python,HAS_SKILL
candidate_84,trait_team_player,HAS_TRAIT
candidate_84,trait_organized,HAS_TRAIT
candidate_84,task_lead_project,ASSIGNED_TASK
candidate_84,feedback_84,HAS_FEEDBACK
candidate_84,placement_84,PLACED_IN
candidate_85,email_85,HAS_EMAIL
candidate_85,company_12,WORKED_AT
candidate_85,skill_salesforce,HAS_SKILL
candidate_85,skill_emr,HAS_SKILL
candidate_85,skill_sql,HAS_SKILL
candidate_85,trait_leader,HAS_TRAIT
candidate_85,trait_creative,HAS_TRAIT
candidate_85,task_conduct_interview,ASSIGNED_TASK
candidate_85,feedback_85,HAS_FEEDBACK
candidate_85,placement_85,PLACED_IN
candidate_86,email_86,HAS_EMAIL
candidate_86,company_0,WORKED_AT
candidate_86,skill_nursing,HAS_SKILL
candidate_86,skill_salesforce,HAS_SKILL
candidate_86,skill_react,HAS_SKILL
candidate_86,trait_analytical,HAS_TRAIT
candidate_86,trait_creative,HAS_TRAIT
candidate_86,task_data_entry,ASSIGNED_TASK
candidate_86,feedback_86,HAS_FEEDBACK
candidate_86,placement_86,PLACED_IN
candidate_87,email_87,HAS_EMAIL
candidate_87,company_2,WORKED_AT
candidate_87,skill_excel,HAS_SKILL
candidate_87,skill_nursing,HAS_SKILL
candidate_87,skill_machine learning,HAS_SKILL
candidate_87,trait_analytical,HAS_TRAIT
candidate_87,trait_detail-oriented,HAS_TRAIT
candidate_87,task_lead_project,ASSIGNED_TASK
candidate_87,feedback_87,HAS_FEEDBACK
candidate_87,placement_87,PLACED_IN
candidate_88,email_88,HAS_EMAIL
candidate_88,company_2,WORKED_AT
candidate_88,skill_aws,HAS_SKILL
candidate_88,skill_nursing,HAS_SKILL
candidate_88,skill_emr,HAS_SKILL
candidate_88,trait_detail-oriented,HAS_TRAIT
candidate_88,trait_organized,HAS_TRAIT
candidate_88,task_write_code,ASSIGNED_TASK
candidate_88,feedback_88,HAS_FEEDBACK
candidate_88,placement_88,PLACED_IN
candidate_89,email_89,HAS_EMAIL
candidate_89,company_10,WORKED_AT
candidate_89,skill_sql,HAS_SKILL
candidate_89,skill_emr,HAS_SKILL
candidate_89,skill_nursing,HAS_SKILL
candidate_89,trait_creative,HAS_TRAIT
candidate_89,trait_leader,HAS_TRAIT
candidate_89,task_lead_project,ASSIGNED_TASK
candidate_89,feedback_89,HAS_FEEDBACK
candidate_89,placement_89,PLACED_IN
candidate_90,email_90,HAS_EMAIL
candidate_90,company_7,WORKED_AT
candidate_90,skill_python,HAS_SKILL
candidate_90,skill_salesforce,HAS_SKILL
candidate_90,skill_emr,HAS_SKILL
candidate_90,trait_creative,HAS_TRAIT
candidate_90,trait_empathetic,HAS_TRAIT
candidate_90,task_conduct_interview,ASSIGNED_TASK
candidate_90,feedback_90,HAS_FEEDBACK
candidate_90,placement_90,PLACED_IN
candidate_91,email_91,HAS_EMAIL
candidate_91,company_0,WORKED_AT
candidate_91,skill_aws,HAS_SKILL
candidate_91,skill_salesforce,HAS_SKILL
candidate_91,skill_react,HAS_SKILL
candidate_91,trait_analytical,HAS_TRAIT
candidate_91,trait_leader,HAS_TRAIT
candidate_91,task_prepare_report,ASSIGNED_TASK
candidate_91,feedback_91,HAS_FEEDBACK
candidate_91,placement_91,PLACED_IN
candidate_92,email_92,HAS_EMAIL
candidate_92,company_6,WORKED_AT
candidate_92,skill_python,HAS_SKILL
candidate_92,skill_java,HAS_SKILL
candidate_92,skill_salesforce,HAS_SKILL
candidate_92,trait_leader,HAS_TRAIT
candidate_92,trait_detail-oriented,HAS_TRAIT
candidate_92,task_data_entry,ASSIGNED_TASK
candidate_92,feedback_92,HAS_FEEDBACK
candidate_92,placement_92,PLACED_IN
candidate_93,email_93,HAS_EMAIL
candidate_93,company_13,WORKED_AT
candidate_93,skill_excel,HAS_SKILL
candidate_93,skill_nursing,HAS_SKILL
candidate_93,skill_java,HAS_SKILL
candidate_93,trait_organized,HAS_TRAIT
candidate_93,trait_team_player,HAS_TRAIT
candidate_93,task_conduct_interview,ASSIGNED_TASK
candidate_93,feedback_93,HAS_FEEDBACK
candidate_93,placement_93,PLACED_IN
candidate_94,email_94,HAS_EMAIL
candidate_94,company_10,WORKED_AT
candidate_94,skill_excel,HAS_SKILL
candidate_94,skill_nursing,HAS_SKILL
candidate_94,skill_java,HAS_SKILL
candidate_94,trait_empathetic,HAS_TRAIT
candidate_94,trait_detail-oriented,HAS_TRAIT
candidate_94,task_prepare_report,ASSIGNED_TASK
candidate_94,feedback_94,HAS_FEEDBACK
candidate_94,placement_94,PLACED_IN
candidate_95,email_95,HAS_EMAIL
candidate_95,company_3,WORKED_AT
candidate_95,skill_sql,HAS_SKILL
candidate_95,skill_react,HAS_SKILL
candidate_95,skill_java,HAS_SKILL
candidate_95,trait_creative,HAS_TRAIT
candidate_95,trait_detail-oriented,HAS_TRAIT
candidate_95,task_prepare_report,ASSIGNED_TASK
candidate_95,feedback_95,HAS_FEEDBACK
candidate_95,placement_95,PLACED_IN
candidate_96,email_96,HAS_EMAIL
candidate_96,company_2,WORKED_AT
candidate_96,skill_java,HAS_SKILL
candidate_96,skill_excel,HAS_SKILL
candidate_96,skill_nursing,HAS_SKILL
candidate_96,trait_creative,HAS_TRAIT
candidate_96,trait_empathetic,HAS_TRAIT
candidate_96,task_diagnose_patient,ASSIGNED_TASK
candidate_96,feedback_96,HAS_FEEDBACK
candidate_96,placement_96,PLACED_IN
candidate_97,email_97,HAS_EMAIL
candidate_97,company_1,WORKED_AT
candidate_97,skill_java,HAS_SKILL
candidate_97,skill_react,HAS_SKILL
candidate_97,skill_excel,HAS_SKILL
candidate_97,trait_empathetic,HAS_TRAIT
candidate_97,trait_creative,HAS_TRAIT
candidate_97,task_prepare_report,ASSIGNED_TASK
candidate_97,feedback_97,HAS_FEEDBACK
candidate_97,placement_97,PLACED_IN
candidate_98,email_98,HAS_EMAIL
candidate_98,company_2,WORKED_AT
candidate_98,skill_aws,HAS_SKILL
candidate_98,skill_salesforce,HAS_SKILL
candidate_98,skill_java,HAS_SKILL
candidate_98,trait_detail-oriented,HAS_TRAIT
candidate_98,trait_empathetic,HAS_TRAIT
candidate_98,task_diagnose_patient,ASSIGNED_TASK
candidate_98,feedback_98,HAS_FEEDBACK
candidate_98,placement_98,PLACED_IN
candidate_99,email_99,HAS_EMAIL
candidate_99,company_1,WORKED_AT
candidate_99,skill_sql,HAS_SKILL
candidate_99,skill_react,HAS_SKILL
candidate_99,skill_aws,HAS_SKILL
candidate_99,trait_creative,HAS_TRAIT
candidate_99,trait_analytical,HAS_TRAIT
candidate_99,task_conduct_interview,ASSIGNED_TASK
candidate_99,feedback_99,HAS_FEEDBACK
candidate_99,placement_99,PLACED_IN
